Title,Description,Link,Media URL,Pinterest board,Publish date
Free 29 Addition Math Worksheet For Grade 5 | Printable Practice,Help kids master Addition with this printable worksheet for Grade 5. Great for daily math practice.,https://mathworksheetkidsdesignhub.github.io/html/free-29-addition-math-worksheet-for-grade-5-3035.html,https://mathworksheetkidsdesignhub.github.io/images/free-29-addition-math-worksheet-for-grade-5-3035.jpg,Math Practice Printables,03/17/2026 08:26:00 AM
Printable Count and Color Worksheet for Preschool Kids,Fun and engaging Count and Color worksheet for Preschool. Perfect printable math practice.,https://mathworksheetkidsdesignhub.github.io/html/printable-count-and-color-worksheet-for-preschool-kids-7469.html,https://mathworksheetkidsdesignhub.github.io/images/printable-count-and-color-worksheet-for-preschool-kids-7469.jpg,Math Practice Printables,03/17/2026 11:00:00 AM
Learn Counting With Pictures Worksheet (Kindergarten) - Part 3 | Printable Practice,Teachers and parents love this Counting Objects worksheet for Kindergarten. Download and print instantly.,https://mathworksheetkidsdesignhub.github.io/html/learn-counting-with-pictures-worksheet-kindergarten-part-3-8157.html,https://mathworksheetkidsdesignhub.github.io/images/learn-counting-with-pictures-worksheet-kindergarten-part-3-8157.jpg,Elementary Math Activities,03/17/2026 01:24:00 PM
Free 24 Division Math Worksheet For Grade 2 - Part 4 | Printable Practice,Fun and engaging Division worksheet for Grade 2. Perfect printable math practice.,https://mathworksheetkidsdesignhub.github.io/html/free-24-division-math-worksheet-for-grade-2-part-4-1319.html,https://mathworksheetkidsdesignhub.github.io/images/free-24-division-math-worksheet-for-grade-2-part-4-1319.jpg,Math Practice Printables,03/17/2026 04:33:00 PM
4 Mathematics Practice Practice Worksheet for Teens,Fun and engaging Math worksheet for Math. Perfect printable math practice.,https://mathworksheetkidsdesignhub.github.io/html/4-mathematics-practice-practice-worksheet-for-teens-8851.html,https://mathworksheetkidsdesignhub.github.io/images/4-mathematics-practice-practice-worksheet-for-teens-8851.jpg,Printable Worksheets,03/17/2026 08:37:00 PM
Missing Number Math Worksheet,Fun and engaging Missing Number worksheet for Grade 1. Perfect printable math practice.,https://mathworksheetkidsdesignhub.github.io/html/missing-number-math-worksheet-4735.html,https://mathworksheetkidsdesignhub.github.io/images/missing-number-math-worksheet-4735.jpg,Kids Math Worksheets,03/18/2026 08:34:00 AM
Mixed Operations Math Worksheet,Fun and engaging Mixed Operations worksheet for Grade 3. Perfect printable math practice.,https://mathworksheetkidsdesignhub.github.io/html/mixed-operations-math-worksheet-7648.html,https://mathworksheetkidsdesignhub.github.io/images/mixed-operations-math-worksheet-7648.jpg,Kids Math Worksheets,03/18/2026 11:00:00 AM
Free 23 Multiplication Math Worksheet For Grade 2 - Part 8 | Printable Practice,Free printable Multiplication worksheet for Grade 2. Perfect for homeschool practice and classroom activities.,https://mathworksheetkidsdesignhub.github.io/html/free-23-multiplication-math-worksheet-for-grade-2-part-8-3748.html,https://mathworksheetkidsdesignhub.github.io/images/free-23-multiplication-math-worksheet-for-grade-2-part-8-3748.jpg,Printable Worksheets,03/18/2026 01:33:00 PM
Free 27 Subtraction Math Worksheet For Grade 5 With Answers - Part 9 | Printable Practice,Printable Subtraction worksheet designed for Grade 5 students. Easy and fun math practice.,https://mathworksheetkidsdesignhub.github.io/html/free-27-subtraction-math-worksheet-for-grade-5-with-answers-part-9-4462.html,https://mathworksheetkidsdesignhub.github.io/images/free-27-subtraction-math-worksheet-for-grade-5-with-answers-part-9-4462.jpg,Math Practice Printables,03/18/2026 04:28:00 PM
Grade 3 Multiplication Table 9 Practice - Part 10 | Printable Practice,Teachers and parents love this Times Table worksheet for Grade 3. Download and print instantly.,https://mathworksheetkidsdesignhub.github.io/html/grade-3-multiplication-table-9-practice-part-10-7610.html,https://mathworksheetkidsdesignhub.github.io/images/grade-3-multiplication-table-9-practice-part-10-7610.jpg,Kids Math Worksheets,03/18/2026 08:34:00 PM
Printable Tracing Worksheet For Kids - Part 11 | Free Printable,Help kids master Tracing with this printable worksheet for Preschool. Great for daily math practice.,https://mathworksheetkidsdesignhub.github.io/html/printable-tracing-worksheet-for-kids-part-11-4797.html,https://mathworksheetkidsdesignhub.github.io/images/printable-tracing-worksheet-for-kids-part-11-4797.jpg,Math Practice Printables,03/19/2026 08:29:00 AM
Math Word Problem Worksheet,Free printable Word Problem worksheet for Grade 3. Perfect for homeschool practice and classroom activities.,https://mathworksheetkidsdesignhub.github.io/html/math-word-problem-worksheet-5382.html,https://mathworksheetkidsdesignhub.github.io/images/math-word-problem-worksheet-5382.jpg,Math Practice Printables,03/19/2026 11:07:00 AM
Free 18 Addition Math Worksheet For Grade 3 With Answers - Part 13 | Printable Practice,Free printable Addition worksheet for Grade 3. Perfect for homeschool practice and classroom activities.,https://mathworksheetkidsdesignhub.github.io/html/free-18-addition-math-worksheet-for-grade-3-with-answers-part-13-6468.html,https://mathworksheetkidsdesignhub.github.io/images/free-18-addition-math-worksheet-for-grade-3-with-answers-part-13-6468.jpg,Elementary Math Activities,03/19/2026 01:24:00 PM
Grade 1 Count and Color Shapes Worksheet,Fun and engaging Count and Color worksheet for Grade 1. Perfect printable math practice.,https://mathworksheetkidsdesignhub.github.io/html/grade-1-count-and-color-shapes-worksheet-8638.html,https://mathworksheetkidsdesignhub.github.io/images/grade-1-count-and-color-shapes-worksheet-8638.jpg,Elementary Math Activities,03/19/2026 04:36:00 PM
Pre-K Count The Objects Worksheet - Part 15 | Printable Practice,Printable Counting Objects worksheet designed for Pre-K students. Easy and fun math practice.,https://mathworksheetkidsdesignhub.github.io/html/pre-k-count-the-objects-worksheet-part-15-6986.html,https://mathworksheetkidsdesignhub.github.io/images/pre-k-count-the-objects-worksheet-part-15-6986.jpg,Printable Worksheets,03/19/2026 08:25:00 PM
Printable Free 22 Division Math Worksheet For Grade 2 - Part 16 | Printable Practice,Fun and engaging Division worksheet for Grade 2. Perfect printable math practice.,https://mathworksheetkidsdesignhub.github.io/html/printable-free-22-division-math-worksheet-for-grade-2-part-16-4763.html,https://mathworksheetkidsdesignhub.github.io/images/printable-free-22-division-math-worksheet-for-grade-2-part-16-4763.jpg,Elementary Math Activities,03/20/2026 08:23:00 AM
4 Mathematics Problem Set Practice Worksheet,Printable Math worksheet designed for Math students. Easy and fun math practice.,https://mathworksheetkidsdesignhub.github.io/html/4-mathematics-problem-set-practice-worksheet-8913.html,https://mathworksheetkidsdesignhub.github.io/images/4-mathematics-problem-set-practice-worksheet-8913.jpg,Homeschool Math,03/20/2026 11:00:00 AM
Missing Number Math Worksheet,Teachers and parents love this Missing Number worksheet for Grade 1. Download and print instantly.,https://mathworksheetkidsdesignhub.github.io/html/missing-number-math-worksheet-7466.html,https://mathworksheetkidsdesignhub.github.io/images/missing-number-math-worksheet-7466.jpg,Printable Worksheets,03/20/2026 01:22:00 PM
Mixed Operations Math Worksheet,Fun and engaging Mixed Operations worksheet for Grade 3. Perfect printable math practice.,https://mathworksheetkidsdesignhub.github.io/html/mixed-operations-math-worksheet-1364.html,https://mathworksheetkidsdesignhub.github.io/images/mixed-operations-math-worksheet-1364.jpg,Math Practice Printables,03/20/2026 04:37:00 PM
Printable Free 25 Multiplication Math Worksheet For Grade 1 - Part 20 | Printable Practice,Printable Multiplication worksheet designed for Grade 1 students. Easy and fun math practice.,https://mathworksheetkidsdesignhub.github.io/html/printable-free-25-multiplication-math-worksheet-for-grade-1-part-20-7539.html,https://mathworksheetkidsdesignhub.github.io/images/printable-free-25-multiplication-math-worksheet-for-grade-1-part-20-7539.jpg,Homeschool Math,03/20/2026 08:37:00 PM
Free 15 Subtraction Math Worksheet For Grade 5 - Part 21 | Printable Practice,Fun and engaging Subtraction worksheet for Grade 5. Perfect printable math practice.,https://mathworksheetkidsdesignhub.github.io/html/free-15-subtraction-math-worksheet-for-grade-5-part-21-9518.html,https://mathworksheetkidsdesignhub.github.io/images/free-15-subtraction-math-worksheet-for-grade-5-part-21-9518.jpg,Kids Math Worksheets,03/21/2026 08:29:00 AM
Grade 3 Multiplication Table 8 Practice - Part 22 | Printable Practice,Free printable Times Table worksheet for Grade 3. Perfect for homeschool practice and classroom activities.,https://mathworksheetkidsdesignhub.github.io/html/grade-3-multiplication-table-8-practice-part-22-8666.html,https://mathworksheetkidsdesignhub.github.io/images/grade-3-multiplication-table-8-practice-part-22-8666.jpg,Homeschool Math,03/21/2026 11:00:00 AM
Printable Tracing Worksheet For Kids - Part 23 | Free Printable,Printable Tracing worksheet designed for Preschool students. Easy and fun math practice.,https://mathworksheetkidsdesignhub.github.io/html/printable-tracing-worksheet-for-kids-part-23-8608.html,https://mathworksheetkidsdesignhub.github.io/images/printable-tracing-worksheet-for-kids-part-23-8608.jpg,Printable Worksheets,03/21/2026 01:28:00 PM
Math Word Problem Worksheet,Printable Word Problem worksheet designed for Grade 3 students. Easy and fun math practice.,https://mathworksheetkidsdesignhub.github.io/html/math-word-problem-worksheet-6301.html,https://mathworksheetkidsdesignhub.github.io/images/math-word-problem-worksheet-6301.jpg,Kids Math Worksheets,03/21/2026 04:29:00 PM
Free 30 Addition Math Worksheet For Grade 5 With Answers - Part 25 | Printable Practice,Help kids master Addition with this printable worksheet for Grade 5. Great for daily math practice.,https://mathworksheetkidsdesignhub.github.io/html/free-30-addition-math-worksheet-for-grade-5-with-answers-part-25-8396.html,https://mathworksheetkidsdesignhub.github.io/images/free-30-addition-math-worksheet-for-grade-5-with-answers-part-25-8396.jpg,Kids Math Worksheets,03/21/2026 08:23:00 PM
Kindergarten Count and Color Shapes Worksheet,Help kids master Count and Color with this printable worksheet for Kindergarten. Great for daily math practice.,https://mathworksheetkidsdesignhub.github.io/html/kindergarten-count-and-color-shapes-worksheet-8151.html,https://mathworksheetkidsdesignhub.github.io/images/kindergarten-count-and-color-shapes-worksheet-8151.jpg,Kids Math Worksheets,03/22/2026 08:28:00 AM
Kindergarten Count The Objects Worksheet - Part 27 | Printable Practice,Printable Counting Objects worksheet designed for Kindergarten students. Easy and fun math practice.,https://mathworksheetkidsdesignhub.github.io/html/kindergarten-count-the-objects-worksheet-part-27-2692.html,https://mathworksheetkidsdesignhub.github.io/images/kindergarten-count-the-objects-worksheet-part-27-2692.jpg,Homeschool Math,03/22/2026 11:00:00 AM
Printable Free 15 Division Math Worksheet For Grade 1 - Part 28 | Printable Practice,Teachers and parents love this Division worksheet for Grade 1. Download and print instantly.,https://mathworksheetkidsdesignhub.github.io/html/printable-free-15-division-math-worksheet-for-grade-1-part-28-3446.html,https://mathworksheetkidsdesignhub.github.io/images/printable-free-15-division-math-worksheet-for-grade-1-part-28-3446.jpg,Elementary Math Activities,03/22/2026 01:23:00 PM
7 Math Trivia Training Worksheet,Fun and engaging Math worksheet for Math. Perfect printable math practice.,https://mathworksheetkidsdesignhub.github.io/html/7-math-trivia-training-worksheet-3489.html,https://mathworksheetkidsdesignhub.github.io/images/7-math-trivia-training-worksheet-3489.jpg,Math Practice Printables,03/22/2026 04:25:00 PM
Missing Number Math Worksheet,Free printable Missing Number worksheet for Grade 1. Perfect for homeschool practice and classroom activities.,https://mathworksheetkidsdesignhub.github.io/html/missing-number-math-worksheet-7970.html,https://mathworksheetkidsdesignhub.github.io/images/missing-number-math-worksheet-7970.jpg,Homeschool Math,03/22/2026 08:30:00 PM
Mixed Operations Math Worksheet,Fun and engaging Mixed Operations worksheet for Grade 3. Perfect printable math practice.,https://mathworksheetkidsdesignhub.github.io/html/mixed-operations-math-worksheet-2742.html,https://mathworksheetkidsdesignhub.github.io/images/mixed-operations-math-worksheet-2742.jpg,Printable Worksheets,03/23/2026 08:33:00 AM
Printable Free 30 Multiplication Math Worksheet For Grade 2 - Part 32 | Printable Practice,Teachers and parents love this Multiplication worksheet for Grade 2. Download and print instantly.,https://mathworksheetkidsdesignhub.github.io/html/printable-free-30-multiplication-math-worksheet-for-grade-2-part-32-8611.html,https://mathworksheetkidsdesignhub.github.io/images/printable-free-30-multiplication-math-worksheet-for-grade-2-part-32-8611.jpg,Printable Worksheets,03/23/2026 11:00:00 AM
Free 11 Subtraction Math Worksheet For Grade 2 - Part 33 | Printable Practice,Free printable Subtraction worksheet for Grade 2. Perfect for homeschool practice and classroom activities.,https://mathworksheetkidsdesignhub.github.io/html/free-11-subtraction-math-worksheet-for-grade-2-part-33-7257.html,https://mathworksheetkidsdesignhub.github.io/images/free-11-subtraction-math-worksheet-for-grade-2-part-33-7257.jpg,Elementary Math Activities,03/23/2026 01:35:00 PM
Printable 9 Times Table Worksheet For Grade 3 - Part 34 | Printable Practice,Teachers and parents love this Times Table worksheet for Grade 3. Download and print instantly.,https://mathworksheetkidsdesignhub.github.io/html/printable-9-times-table-worksheet-for-grade-3-part-34-6443.html,https://mathworksheetkidsdesignhub.github.io/images/printable-9-times-table-worksheet-for-grade-3-part-34-6443.jpg,Elementary Math Activities,03/23/2026 04:28:00 PM
Printable Tracing Worksheet For Kids - Part 35 | Free Printable,Fun and engaging Tracing worksheet for Kindergarten. Perfect printable math practice.,https://mathworksheetkidsdesignhub.github.io/html/printable-tracing-worksheet-for-kids-part-35-5276.html,https://mathworksheetkidsdesignhub.github.io/images/printable-tracing-worksheet-for-kids-part-35-5276.jpg,Elementary Math Activities,03/23/2026 08:23:00 PM
Math Word Problem Worksheet,Help kids master Word Problem with this printable worksheet for Grade 3. Great for daily math practice.,https://mathworksheetkidsdesignhub.github.io/html/math-word-problem-worksheet-2064.html,https://mathworksheetkidsdesignhub.github.io/images/math-word-problem-worksheet-2064.jpg,Math Practice Printables,03/24/2026 08:22:00 AM
Printable Free 27 Addition Math Worksheet For Grade 3 - Part 37 | Printable Practice,Fun and engaging Addition worksheet for Grade 3. Perfect printable math practice.,https://mathworksheetkidsdesignhub.github.io/html/printable-free-27-addition-math-worksheet-for-grade-3-part-37-1590.html,https://mathworksheetkidsdesignhub.github.io/images/printable-free-27-addition-math-worksheet-for-grade-3-part-37-1590.jpg,Printable Worksheets,03/24/2026 11:00:00 AM
Fun Count and Color Objects Worksheet for Preschool,Free printable Count and Color worksheet for Preschool. Perfect for homeschool practice and classroom activities.,https://mathworksheetkidsdesignhub.github.io/html/fun-count-and-color-objects-worksheet-for-preschool-7592.html,https://mathworksheetkidsdesignhub.github.io/images/fun-count-and-color-objects-worksheet-for-preschool-7592.jpg,Math Practice Printables,03/24/2026 01:28:00 PM
Kindergarten Count The Objects Worksheet - Part 39 | Printable Practice,Teachers and parents love this Counting Objects worksheet for Kindergarten. Download and print instantly.,https://mathworksheetkidsdesignhub.github.io/html/kindergarten-count-the-objects-worksheet-part-39-6932.html,https://mathworksheetkidsdesignhub.github.io/images/kindergarten-count-the-objects-worksheet-part-39-6932.jpg,Elementary Math Activities,03/24/2026 04:28:00 PM
Printable Free 21 Division Math Worksheet For Grade 2 - Part 40 | Printable Practice,Fun and engaging Division worksheet for Grade 2. Perfect printable math practice.,https://mathworksheetkidsdesignhub.github.io/html/printable-free-21-division-math-worksheet-for-grade-2-part-40-1183.html,https://mathworksheetkidsdesignhub.github.io/images/printable-free-21-division-math-worksheet-for-grade-2-part-40-1183.jpg,Math Practice Printables,03/24/2026 08:22:00 PM
4 Math Knowledge Test Quiz Worksheet for Students,Free printable Math worksheet for Math. Perfect for homeschool practice and classroom activities.,https://mathworksheetkidsdesignhub.github.io/html/4-math-knowledge-test-quiz-worksheet-for-students-5797.html,https://mathworksheetkidsdesignhub.github.io/images/4-math-knowledge-test-quiz-worksheet-for-students-5797.jpg,Math Practice Printables,03/25/2026 08:31:00 AM
Missing Number Math Worksheet,Help kids master Missing Number with this printable worksheet for Grade 1. Great for daily math practice.,https://mathworksheetkidsdesignhub.github.io/html/missing-number-math-worksheet-1335.html,https://mathworksheetkidsdesignhub.github.io/images/missing-number-math-worksheet-1335.jpg,Math Practice Printables,03/25/2026 11:00:00 AM
Mixed Operations Math Worksheet,Printable Mixed Operations worksheet designed for Grade 3 students. Easy and fun math practice.,https://mathworksheetkidsdesignhub.github.io/html/mixed-operations-math-worksheet-3022.html,https://mathworksheetkidsdesignhub.github.io/images/mixed-operations-math-worksheet-3022.jpg,Kids Math Worksheets,03/25/2026 01:29:00 PM
Free 13 Multiplication Math Worksheet For Grade 2 - Part 44 | Printable Practice,Teachers and parents love this Multiplication worksheet for Grade 2. Download and print instantly.,https://mathworksheetkidsdesignhub.github.io/html/free-13-multiplication-math-worksheet-for-grade-2-part-44-7931.html,https://mathworksheetkidsdesignhub.github.io/images/free-13-multiplication-math-worksheet-for-grade-2-part-44-7931.jpg,Printable Worksheets,03/25/2026 04:27:00 PM
Printable Free 27 Subtraction Math Worksheet For Grade 3 - Part 45 | Printable Practice,Teachers and parents love this Subtraction worksheet for Grade 3. Download and print instantly.,https://mathworksheetkidsdesignhub.github.io/html/printable-free-27-subtraction-math-worksheet-for-grade-3-part-45-1822.html,https://mathworksheetkidsdesignhub.github.io/images/printable-free-27-subtraction-math-worksheet-for-grade-3-part-45-1822.jpg,Elementary Math Activities,03/25/2026 08:34:00 PM
Printable 8 Times Table Worksheet For Grade 3 - Part 46 | Printable Practice,Fun and engaging Times Table worksheet for Grade 3. Perfect printable math practice.,https://mathworksheetkidsdesignhub.github.io/html/printable-8-times-table-worksheet-for-grade-3-part-46-5566.html,https://mathworksheetkidsdesignhub.github.io/images/printable-8-times-table-worksheet-for-grade-3-part-46-5566.jpg,Math Practice Printables,03/26/2026 08:25:00 AM
Printable Tracing Worksheet For Kids - Part 47 | Free Printable,Free printable Tracing worksheet for Kindergarten. Perfect for homeschool practice and classroom activities.,https://mathworksheetkidsdesignhub.github.io/html/printable-tracing-worksheet-for-kids-part-47-3458.html,https://mathworksheetkidsdesignhub.github.io/images/printable-tracing-worksheet-for-kids-part-47-3458.jpg,Elementary Math Activities,03/26/2026 11:00:00 AM
Math Word Problem Worksheet,Printable Word Problem worksheet designed for Grade 3 students. Easy and fun math practice.,https://mathworksheetkidsdesignhub.github.io/html/math-word-problem-worksheet-4155.html,https://mathworksheetkidsdesignhub.github.io/images/math-word-problem-worksheet-4155.jpg,Elementary Math Activities,03/26/2026 01:27:00 PM
Free 17 Addition Math Worksheet For Grade 3 - Part 49 | Printable Practice,Teachers and parents love this Addition worksheet for Grade 3. Download and print instantly.,https://mathworksheetkidsdesignhub.github.io/html/free-17-addition-math-worksheet-for-grade-3-part-49-8705.html,https://mathworksheetkidsdesignhub.github.io/images/free-17-addition-math-worksheet-for-grade-3-part-49-8705.jpg,Elementary Math Activities,03/26/2026 04:29:00 PM
Free Preschool Count and Color Worksheet,Printable Count and Color worksheet designed for Preschool students. Easy and fun math practice.,https://mathworksheetkidsdesignhub.github.io/html/free-preschool-count-and-color-worksheet-1342.html,https://mathworksheetkidsdesignhub.github.io/images/free-preschool-count-and-color-worksheet-1342.jpg,Elementary Math Activities,03/26/2026 08:23:00 PM
Pre-K Count The Objects Worksheet - Part 51 | Printable Practice,Fun and engaging Counting Objects worksheet for Pre-K. Perfect printable math practice.,https://mathworksheetkidsdesignhub.github.io/html/pre-k-count-the-objects-worksheet-part-51-1964.html,https://mathworksheetkidsdesignhub.github.io/images/pre-k-count-the-objects-worksheet-part-51-1964.jpg,Math Practice Printables,03/27/2026 08:26:00 AM
Free 18 Division Math Worksheet For Grade 2 - Part 52 | Printable Practice,Fun and engaging Division worksheet for Grade 2. Perfect printable math practice.,https://mathworksheetkidsdesignhub.github.io/html/free-18-division-math-worksheet-for-grade-2-part-52-3822.html,https://mathworksheetkidsdesignhub.github.io/images/free-18-division-math-worksheet-for-grade-2-part-52-3822.jpg,Math Practice Printables,03/27/2026 11:00:00 AM
4 Math Skill Test for Practice,Help kids master Math with this printable worksheet for Math. Great for daily math practice.,https://mathworksheetkidsdesignhub.github.io/html/4-math-skill-test-for-practice-8974.html,https://mathworksheetkidsdesignhub.github.io/images/4-math-skill-test-for-practice-8974.jpg,Math Practice Printables,03/27/2026 01:31:00 PM
Missing Number Math Worksheet,Teachers and parents love this Missing Number worksheet for Grade 1. Download and print instantly.,https://mathworksheetkidsdesignhub.github.io/html/missing-number-math-worksheet-3177.html,https://mathworksheetkidsdesignhub.github.io/images/missing-number-math-worksheet-3177.jpg,Printable Worksheets,03/27/2026 04:30:00 PM
Mixed Operations Math Worksheet,Printable Mixed Operations worksheet designed for Grade 3 students. Easy and fun math practice.,https://mathworksheetkidsdesignhub.github.io/html/mixed-operations-math-worksheet-9218.html,https://mathworksheetkidsdesignhub.github.io/images/mixed-operations-math-worksheet-9218.jpg,Homeschool Math,03/27/2026 08:25:00 PM
Free 14 Multiplication Math Worksheet For Grade 1 - Part 56 | Printable Practice,Printable Multiplication worksheet designed for Grade 1 students. Easy and fun math practice.,https://mathworksheetkidsdesignhub.github.io/html/free-14-multiplication-math-worksheet-for-grade-1-part-56-2049.html,https://mathworksheetkidsdesignhub.github.io/images/free-14-multiplication-math-worksheet-for-grade-1-part-56-2049.jpg,Math Practice Printables,03/28/2026 08:27:00 AM
Free 20 Subtraction Math Worksheet For Grade 5 With Answers - Part 57 | Printable Practice,Free printable Subtraction worksheet for Grade 5. Perfect for homeschool practice and classroom activities.,https://mathworksheetkidsdesignhub.github.io/html/free-20-subtraction-math-worksheet-for-grade-5-with-answers-part-57-7881.html,https://mathworksheetkidsdesignhub.github.io/images/free-20-subtraction-math-worksheet-for-grade-5-with-answers-part-57-7881.jpg,Elementary Math Activities,03/28/2026 11:00:00 AM
Grade 2 Multiplication Table 3 Practice - Part 58 | Printable Practice,Free printable Times Table worksheet for Grade 2. Perfect for homeschool practice and classroom activities.,https://mathworksheetkidsdesignhub.github.io/html/grade-2-multiplication-table-3-practice-part-58-9927.html,https://mathworksheetkidsdesignhub.github.io/images/grade-2-multiplication-table-3-practice-part-58-9927.jpg,Homeschool Math,03/28/2026 01:30:00 PM
Printable Tracing Worksheet For Kids - Part 59 | Free Printable,Help kids master Tracing with this printable worksheet for Preschool. Great for daily math practice.,https://mathworksheetkidsdesignhub.github.io/html/printable-tracing-worksheet-for-kids-part-59-8444.html,https://mathworksheetkidsdesignhub.github.io/images/printable-tracing-worksheet-for-kids-part-59-8444.jpg,Elementary Math Activities,03/28/2026 04:33:00 PM
Math Word Problem Worksheet,Help kids master Word Problem with this printable worksheet for Grade 3. Great for daily math practice.,https://mathworksheetkidsdesignhub.github.io/html/math-word-problem-worksheet-1842.html,https://mathworksheetkidsdesignhub.github.io/images/math-word-problem-worksheet-1842.jpg,Elementary Math Activities,03/28/2026 08:34:00 PM
Free 13 Addition Math Worksheet For Grade 1 - Part 61 | Printable Practice,Help kids master Addition with this printable worksheet for Grade 1. Great for daily math practice.,https://mathworksheetkidsdesignhub.github.io/html/free-13-addition-math-worksheet-for-grade-1-part-61-7563.html,https://mathworksheetkidsdesignhub.github.io/images/free-13-addition-math-worksheet-for-grade-1-part-61-7563.jpg,Math Practice Printables,03/29/2026 08:33:00 AM
4 Free Count and Color Worksheets for Preschool,Teachers and parents love this Count and Color worksheet for Preschool. Download and print instantly.,https://mathworksheetkidsdesignhub.github.io/html/4-free-count-and-color-worksheets-for-preschool-2052.html,https://mathworksheetkidsdesignhub.github.io/images/4-free-count-and-color-worksheets-for-preschool-2052.jpg,Elementary Math Activities,03/29/2026 11:02:00 AM
Kindergarten Count The Objects Worksheet - Part 63 | Printable Practice,Help kids master Counting Objects with this printable worksheet for Kindergarten. Great for daily math practice.,https://mathworksheetkidsdesignhub.github.io/html/kindergarten-count-the-objects-worksheet-part-63-7649.html,https://mathworksheetkidsdesignhub.github.io/images/kindergarten-count-the-objects-worksheet-part-63-7649.jpg,Elementary Math Activities,03/29/2026 01:23:00 PM
Grade 1 Division Practice Worksheet (22 Problems) - Part 64 | Printable Practice,Fun and engaging Division worksheet for Grade 1. Perfect printable math practice.,https://mathworksheetkidsdesignhub.github.io/html/grade-1-division-practice-worksheet-22-problems-part-64-3464.html,https://mathworksheetkidsdesignhub.github.io/images/grade-1-division-practice-worksheet-22-problems-part-64-3464.jpg,Elementary Math Activities,03/29/2026 04:26:00 PM
Daily Mathematics Problem Set Worksheet (7 Questions),Printable Math worksheet designed for Math students. Easy and fun math practice.,https://mathworksheetkidsdesignhub.github.io/html/daily-mathematics-problem-set-worksheet-7-questions-6526.html,https://mathworksheetkidsdesignhub.github.io/images/daily-mathematics-problem-set-worksheet-7-questions-6526.jpg,Printable Worksheets,03/29/2026 08:37:00 PM
Missing Number Math Worksheet,Fun and engaging Missing Number worksheet for Grade 1. Perfect printable math practice.,https://mathworksheetkidsdesignhub.github.io/html/missing-number-math-worksheet-2622.html,https://mathworksheetkidsdesignhub.github.io/images/missing-number-math-worksheet-2622.jpg,Math Practice Printables,03/30/2026 08:38:00 AM
Mixed Operations Math Worksheet,Help kids master Mixed Operations with this printable worksheet for Grade 3. Great for daily math practice.,https://mathworksheetkidsdesignhub.github.io/html/mixed-operations-math-worksheet-8080.html,https://mathworksheetkidsdesignhub.github.io/images/mixed-operations-math-worksheet-8080.jpg,Math Practice Printables,03/30/2026 11:00:00 AM
Grade 1 Multiplication Practice Worksheet (26 Problems) - Part 68 | Printable Practice,Help kids master Multiplication with this printable worksheet for Grade 1. Great for daily math practice.,https://mathworksheetkidsdesignhub.github.io/html/grade-1-multiplication-practice-worksheet-26-problems-part-68-2860.html,https://mathworksheetkidsdesignhub.github.io/images/grade-1-multiplication-practice-worksheet-26-problems-part-68-2860.jpg,Elementary Math Activities,03/30/2026 01:29:00 PM
Printable Free 14 Subtraction Math Worksheet For Grade 2 - Part 69 | Printable Practice,Fun and engaging Subtraction worksheet for Grade 2. Perfect printable math practice.,https://mathworksheetkidsdesignhub.github.io/html/printable-free-14-subtraction-math-worksheet-for-grade-2-part-69-9891.html,https://mathworksheetkidsdesignhub.github.io/images/printable-free-14-subtraction-math-worksheet-for-grade-2-part-69-9891.jpg,Math Practice Printables,03/30/2026 04:22:00 PM
10 Times Table Worksheet For Grade 3 - Part 70 | Printable Practice,Fun and engaging Times Table worksheet for Grade 3. Perfect printable math practice.,https://mathworksheetkidsdesignhub.github.io/html/10-times-table-worksheet-for-grade-3-part-70-3121.html,https://mathworksheetkidsdesignhub.github.io/images/10-times-table-worksheet-for-grade-3-part-70-3121.jpg,Kids Math Worksheets,03/30/2026 08:28:00 PM
Printable Tracing Worksheet For Kids - Part 71 | Free Printable,Fun and engaging Tracing worksheet for Preschool. Perfect printable math practice.,https://mathworksheetkidsdesignhub.github.io/html/printable-tracing-worksheet-for-kids-part-71-4818.html,https://mathworksheetkidsdesignhub.github.io/images/printable-tracing-worksheet-for-kids-part-71-4818.jpg,Homeschool Math,03/31/2026 08:25:00 AM
Math Word Problem Worksheet,Help kids master Word Problem with this printable worksheet for Grade 3. Great for daily math practice.,https://mathworksheetkidsdesignhub.github.io/html/math-word-problem-worksheet-9851.html,https://mathworksheetkidsdesignhub.github.io/images/math-word-problem-worksheet-9851.jpg,Math Practice Printables,03/31/2026 11:00:00 AM
Free 19 Addition Math Worksheet For Grade 5 - Part 73 | Printable Practice,Fun and engaging Addition worksheet for Grade 5. Perfect printable math practice.,https://mathworksheetkidsdesignhub.github.io/html/free-19-addition-math-worksheet-for-grade-5-part-73-9381.html,https://mathworksheetkidsdesignhub.github.io/images/free-19-addition-math-worksheet-for-grade-5-part-73-9381.jpg,Homeschool Math,03/31/2026 01:30:00 PM
"Count and Color Ball, Flower, Star Worksheet for Kids",Teachers and parents love this Count and Color worksheet for Kindergarten. Download and print instantly.,https://mathworksheetkidsdesignhub.github.io/html/count-and-color-ball-flower-star-worksheet-for-kids-8878.html,https://mathworksheetkidsdesignhub.github.io/images/count-and-color-ball-flower-star-worksheet-for-kids-8878.jpg,Homeschool Math,03/31/2026 04:35:00 PM
Pre-K Count The Objects Worksheet - Part 75 | Printable Practice,Fun and engaging Counting Objects worksheet for Pre-K. Perfect printable math practice.,https://mathworksheetkidsdesignhub.github.io/html/pre-k-count-the-objects-worksheet-part-75-8886.html,https://mathworksheetkidsdesignhub.github.io/images/pre-k-count-the-objects-worksheet-part-75-8886.jpg,Elementary Math Activities,03/31/2026 08:28:00 PM
Free 28 Division Math Worksheet For Grade 2 - Part 76 | Printable Practice,Fun and engaging Division worksheet for Grade 2. Perfect printable math practice.,https://mathworksheetkidsdesignhub.github.io/html/free-28-division-math-worksheet-for-grade-2-part-76-3671.html,https://mathworksheetkidsdesignhub.github.io/images/free-28-division-math-worksheet-for-grade-2-part-76-3671.jpg,Elementary Math Activities,04/01/2026 08:38:00 AM
4 Mathematics Problem Set Worksheet for High School Students,Free printable Math worksheet for Math. Perfect for homeschool practice and classroom activities.,https://mathworksheetkidsdesignhub.github.io/html/4-mathematics-problem-set-worksheet-for-high-school-students-6211.html,https://mathworksheetkidsdesignhub.github.io/images/4-mathematics-problem-set-worksheet-for-high-school-students-6211.jpg,Homeschool Math,04/01/2026 11:01:00 AM
Missing Number Math Worksheet,Fun and engaging Missing Number worksheet for Grade 1. Perfect printable math practice.,https://mathworksheetkidsdesignhub.github.io/html/missing-number-math-worksheet-5319.html,https://mathworksheetkidsdesignhub.github.io/images/missing-number-math-worksheet-5319.jpg,Homeschool Math,04/01/2026 01:34:00 PM
Mixed Operations Math Worksheet,Help kids master Mixed Operations with this printable worksheet for Grade 3. Great for daily math practice.,https://mathworksheetkidsdesignhub.github.io/html/mixed-operations-math-worksheet-2454.html,https://mathworksheetkidsdesignhub.github.io/images/mixed-operations-math-worksheet-2454.jpg,Homeschool Math,04/01/2026 04:22:00 PM
Free 29 Multiplication Math Worksheet For Grade 1 With Answers - Part 80 | Printable Practice,Help kids master Multiplication with this printable worksheet for Grade 1. Great for daily math practice.,https://mathworksheetkidsdesignhub.github.io/html/free-29-multiplication-math-worksheet-for-grade-1-with-answers-part-80-1462.html,https://mathworksheetkidsdesignhub.github.io/images/free-29-multiplication-math-worksheet-for-grade-1-with-answers-part-80-1462.jpg,Printable Worksheets,04/01/2026 08:31:00 PM
Printable Free 25 Subtraction Math Worksheet For Grade 5 - Part 81 | Printable Practice,Teachers and parents love this Subtraction worksheet for Grade 5. Download and print instantly.,https://mathworksheetkidsdesignhub.github.io/html/printable-free-25-subtraction-math-worksheet-for-grade-5-part-81-1906.html,https://mathworksheetkidsdesignhub.github.io/images/printable-free-25-subtraction-math-worksheet-for-grade-5-part-81-1906.jpg,Elementary Math Activities,04/02/2026 08:37:00 AM
6 Times Table Worksheet For Grade 3 - Part 82 | Printable Practice,Teachers and parents love this Times Table worksheet for Grade 3. Download and print instantly.,https://mathworksheetkidsdesignhub.github.io/html/6-times-table-worksheet-for-grade-3-part-82-1994.html,https://mathworksheetkidsdesignhub.github.io/images/6-times-table-worksheet-for-grade-3-part-82-1994.jpg,Elementary Math Activities,04/02/2026 11:07:00 AM
Printable Tracing Worksheet For Kids - Part 83 | Free Printable,Printable Tracing worksheet designed for Preschool students. Easy and fun math practice.,https://mathworksheetkidsdesignhub.github.io/html/printable-tracing-worksheet-for-kids-part-83-9635.html,https://mathworksheetkidsdesignhub.github.io/images/printable-tracing-worksheet-for-kids-part-83-9635.jpg,Printable Worksheets,04/02/2026 01:35:00 PM
Math Word Problem Worksheet,Help kids master Word Problem with this printable worksheet for Grade 3. Great for daily math practice.,https://mathworksheetkidsdesignhub.github.io/html/math-word-problem-worksheet-9273.html,https://mathworksheetkidsdesignhub.github.io/images/math-word-problem-worksheet-9273.jpg,Math Practice Printables,04/02/2026 04:35:00 PM
Grade 3 Addition Practice Worksheet (26 Problems) - Part 85 | Printable Practice,Help kids master Addition with this printable worksheet for Grade 3. Great for daily math practice.,https://mathworksheetkidsdesignhub.github.io/html/grade-3-addition-practice-worksheet-26-problems-part-85-1761.html,https://mathworksheetkidsdesignhub.github.io/images/grade-3-addition-practice-worksheet-26-problems-part-85-1761.jpg,Kids Math Worksheets,04/02/2026 08:31:00 PM
Free Kindergarten Count and Color Worksheet,Help kids master Count and Color with this printable worksheet for Kindergarten. Great for daily math practice.,https://mathworksheetkidsdesignhub.github.io/html/free-kindergarten-count-and-color-worksheet-2437.html,https://mathworksheetkidsdesignhub.github.io/images/free-kindergarten-count-and-color-worksheet-2437.jpg,Math Practice Printables,04/03/2026 08:34:00 AM
Learn Counting With Pictures Worksheet (Kindergarten) - Part 87 | Printable Practice,Help kids master Counting Objects with this printable worksheet for Kindergarten. Great for daily math practice.,https://mathworksheetkidsdesignhub.github.io/html/learn-counting-with-pictures-worksheet-kindergarten-part-87-6791.html,https://mathworksheetkidsdesignhub.github.io/images/learn-counting-with-pictures-worksheet-kindergarten-part-87-6791.jpg,Math Practice Printables,04/03/2026 11:01:00 AM
Printable Free 23 Division Math Worksheet For Grade 2 - Part 88 | Printable Practice,Teachers and parents love this Division worksheet for Grade 2. Download and print instantly.,https://mathworksheetkidsdesignhub.github.io/html/printable-free-23-division-math-worksheet-for-grade-2-part-88-1429.html,https://mathworksheetkidsdesignhub.github.io/images/printable-free-23-division-math-worksheet-for-grade-2-part-88-1429.jpg,Printable Worksheets,04/03/2026 01:28:00 PM
4 Math Questions for Teens,Teachers and parents love this Math worksheet for Math. Download and print instantly.,https://mathworksheetkidsdesignhub.github.io/html/4-math-questions-for-teens-8960.html,https://mathworksheetkidsdesignhub.github.io/images/4-math-questions-for-teens-8960.jpg,Math Practice Printables,04/03/2026 04:29:00 PM
Missing Number Math Worksheet,Free printable Missing Number worksheet for Grade 1. Perfect for homeschool practice and classroom activities.,https://mathworksheetkidsdesignhub.github.io/html/missing-number-math-worksheet-8300.html,https://mathworksheetkidsdesignhub.github.io/images/missing-number-math-worksheet-8300.jpg,Math Practice Printables,04/03/2026 08:26:00 PM
Mixed Operations Math Worksheet,Fun and engaging Mixed Operations worksheet for Grade 3. Perfect printable math practice.,https://mathworksheetkidsdesignhub.github.io/html/mixed-operations-math-worksheet-8761.html,https://mathworksheetkidsdesignhub.github.io/images/mixed-operations-math-worksheet-8761.jpg,Homeschool Math,04/04/2026 08:35:00 AM
Free 23 Multiplication Math Worksheet For Grade 1 - Part 92 | Printable Practice,Teachers and parents love this Multiplication worksheet for Grade 1. Download and print instantly.,https://mathworksheetkidsdesignhub.github.io/html/free-23-multiplication-math-worksheet-for-grade-1-part-92-2963.html,https://mathworksheetkidsdesignhub.github.io/images/free-23-multiplication-math-worksheet-for-grade-1-part-92-2963.jpg,Kids Math Worksheets,04/04/2026 11:00:00 AM
Free 16 Subtraction Math Worksheet For Grade 3 - Part 93 | Printable Practice,Help kids master Subtraction with this printable worksheet for Grade 3. Great for daily math practice.,https://mathworksheetkidsdesignhub.github.io/html/free-16-subtraction-math-worksheet-for-grade-3-part-93-5321.html,https://mathworksheetkidsdesignhub.github.io/images/free-16-subtraction-math-worksheet-for-grade-3-part-93-5321.jpg,Printable Worksheets,04/04/2026 01:33:00 PM
Printable 6 Times Table Worksheet For Grade 3 - Part 94 | Printable Practice,Teachers and parents love this Times Table worksheet for Grade 3. Download and print instantly.,https://mathworksheetkidsdesignhub.github.io/html/printable-6-times-table-worksheet-for-grade-3-part-94-7777.html,https://mathworksheetkidsdesignhub.github.io/images/printable-6-times-table-worksheet-for-grade-3-part-94-7777.jpg,Printable Worksheets,04/04/2026 04:29:00 PM
Printable Tracing Worksheet For Kids - Part 95 | Free Printable,Teachers and parents love this Tracing worksheet for Preschool. Download and print instantly.,https://mathworksheetkidsdesignhub.github.io/html/printable-tracing-worksheet-for-kids-part-95-9366.html,https://mathworksheetkidsdesignhub.github.io/images/printable-tracing-worksheet-for-kids-part-95-9366.jpg,Kids Math Worksheets,04/04/2026 08:38:00 PM
Math Word Problem Worksheet,Printable Word Problem worksheet designed for Grade 3 students. Easy and fun math practice.,https://mathworksheetkidsdesignhub.github.io/html/math-word-problem-worksheet-6712.html,https://mathworksheetkidsdesignhub.github.io/images/math-word-problem-worksheet-6712.jpg,Homeschool Math,04/05/2026 08:34:00 AM
Printable Free 23 Addition Math Worksheet For Grade 3 - Part 97 | Printable Practice,Fun and engaging Addition worksheet for Grade 3. Perfect printable math practice.,https://mathworksheetkidsdesignhub.github.io/html/printable-free-23-addition-math-worksheet-for-grade-3-part-97-6847.html,https://mathworksheetkidsdesignhub.github.io/images/printable-free-23-addition-math-worksheet-for-grade-3-part-97-6847.jpg,Elementary Math Activities,04/05/2026 11:05:00 AM
Free Preschool Count and Color Worksheet,Free printable Count and Color worksheet for Preschool. Perfect for homeschool practice and classroom activities.,https://mathworksheetkidsdesignhub.github.io/html/free-preschool-count-and-color-worksheet-5673.html,https://mathworksheetkidsdesignhub.github.io/images/free-preschool-count-and-color-worksheet-5673.jpg,Math Practice Printables,04/05/2026 01:37:00 PM
Free Counting Objects Worksheet For Kindergarten - Part 99 | Printable Practice,Help kids master Counting Objects with this printable worksheet for Kindergarten. Great for daily math practice.,https://mathworksheetkidsdesignhub.github.io/html/free-counting-objects-worksheet-for-kindergarten-part-99-3506.html,https://mathworksheetkidsdesignhub.github.io/images/free-counting-objects-worksheet-for-kindergarten-part-99-3506.jpg,Printable Worksheets,04/05/2026 04:34:00 PM
Free 27 Division Math Worksheet For Grade 1 - Part 100 | Printable Practice,Help kids master Division with this printable worksheet for Grade 1. Great for daily math practice.,https://mathworksheetkidsdesignhub.github.io/html/free-27-division-math-worksheet-for-grade-1-part-100-1335.html,https://mathworksheetkidsdesignhub.github.io/images/free-27-division-math-worksheet-for-grade-1-part-100-1335.jpg,Printable Worksheets,04/05/2026 08:26:00 PM
Daily Mathematics Practice Worksheet (7 Questions),Free printable Math worksheet for Math. Perfect for homeschool practice and classroom activities.,https://mathworksheetkidsdesignhub.github.io/html/daily-mathematics-practice-worksheet-7-questions-4357.html,https://mathworksheetkidsdesignhub.github.io/images/daily-mathematics-practice-worksheet-7-questions-4357.jpg,Math Practice Printables,04/06/2026 08:36:00 AM
Missing Number Math Worksheet,Fun and engaging Missing Number worksheet for Grade 1. Perfect printable math practice.,https://mathworksheetkidsdesignhub.github.io/html/missing-number-math-worksheet-3516.html,https://mathworksheetkidsdesignhub.github.io/images/missing-number-math-worksheet-3516.jpg,Elementary Math Activities,04/06/2026 11:00:00 AM
Mixed Operations Math Worksheet,Teachers and parents love this Mixed Operations worksheet for Grade 3. Download and print instantly.,https://mathworksheetkidsdesignhub.github.io/html/mixed-operations-math-worksheet-8276.html,https://mathworksheetkidsdesignhub.github.io/images/mixed-operations-math-worksheet-8276.jpg,Math Practice Printables,04/06/2026 01:38:00 PM
Free 19 Multiplication Math Worksheet For Grade 1 - Part 104 | Printable Practice,Teachers and parents love this Multiplication worksheet for Grade 1. Download and print instantly.,https://mathworksheetkidsdesignhub.github.io/html/free-19-multiplication-math-worksheet-for-grade-1-part-104-5252.html,https://mathworksheetkidsdesignhub.github.io/images/free-19-multiplication-math-worksheet-for-grade-1-part-104-5252.jpg,Printable Worksheets,04/06/2026 04:26:00 PM
Free 26 Subtraction Math Worksheet For Grade 3 - Part 105 | Printable Practice,Fun and engaging Subtraction worksheet for Grade 3. Perfect printable math practice.,https://mathworksheetkidsdesignhub.github.io/html/free-26-subtraction-math-worksheet-for-grade-3-part-105-6744.html,https://mathworksheetkidsdesignhub.github.io/images/free-26-subtraction-math-worksheet-for-grade-3-part-105-6744.jpg,Printable Worksheets,04/06/2026 08:30:00 PM
Grade 3 Multiplication Table 7 Practice - Part 106 | Printable Practice,Teachers and parents love this Times Table worksheet for Grade 3. Download and print instantly.,https://mathworksheetkidsdesignhub.github.io/html/grade-3-multiplication-table-7-practice-part-106-1699.html,https://mathworksheetkidsdesignhub.github.io/images/grade-3-multiplication-table-7-practice-part-106-1699.jpg,Elementary Math Activities,04/07/2026 08:22:00 AM
Printable Tracing Worksheet For Kids - Part 107 | Free Printable,Free printable Tracing worksheet for Kindergarten. Perfect for homeschool practice and classroom activities.,https://mathworksheetkidsdesignhub.github.io/html/printable-tracing-worksheet-for-kids-part-107-6124.html,https://mathworksheetkidsdesignhub.github.io/images/printable-tracing-worksheet-for-kids-part-107-6124.jpg,Kids Math Worksheets,04/07/2026 11:00:00 AM
Math Word Problem Worksheet,Free printable Word Problem worksheet for Grade 3. Perfect for homeschool practice and classroom activities.,https://mathworksheetkidsdesignhub.github.io/html/math-word-problem-worksheet-5015.html,https://mathworksheetkidsdesignhub.github.io/images/math-word-problem-worksheet-5015.jpg,Printable Worksheets,04/07/2026 01:34:00 PM
Grade 5 Addition Practice Worksheet (15 Problems) - Part 109 | Printable Practice,Teachers and parents love this Addition worksheet for Grade 5. Download and print instantly.,https://mathworksheetkidsdesignhub.github.io/html/grade-5-addition-practice-worksheet-15-problems-part-109-6128.html,https://mathworksheetkidsdesignhub.github.io/images/grade-5-addition-practice-worksheet-15-problems-part-109-6128.jpg,Kids Math Worksheets,04/07/2026 04:36:00 PM
Free Preschool Count and Color Worksheet,Teachers and parents love this Count and Color worksheet for Preschool. Download and print instantly.,https://mathworksheetkidsdesignhub.github.io/html/free-preschool-count-and-color-worksheet-1627.html,https://mathworksheetkidsdesignhub.github.io/images/free-preschool-count-and-color-worksheet-1627.jpg,Elementary Math Activities,04/07/2026 08:37:00 PM
Pre-K Count The Objects Worksheet - Part 111 | Printable Practice,Teachers and parents love this Counting Objects worksheet for Pre-K. Download and print instantly.,https://mathworksheetkidsdesignhub.github.io/html/pre-k-count-the-objects-worksheet-part-111-6026.html,https://mathworksheetkidsdesignhub.github.io/images/pre-k-count-the-objects-worksheet-part-111-6026.jpg,Elementary Math Activities,04/08/2026 08:37:00 AM
Free 30 Division Math Worksheet For Grade 2 - Part 112 | Printable Practice,Fun and engaging Division worksheet for Grade 2. Perfect printable math practice.,https://mathworksheetkidsdesignhub.github.io/html/free-30-division-math-worksheet-for-grade-2-part-112-7507.html,https://mathworksheetkidsdesignhub.github.io/images/free-30-division-math-worksheet-for-grade-2-part-112-7507.jpg,Elementary Math Activities,04/08/2026 11:07:00 AM
Interactive Math Questions Test Worksheet,Free printable Math worksheet for Math. Perfect for homeschool practice and classroom activities.,https://mathworksheetkidsdesignhub.github.io/html/interactive-math-questions-test-worksheet-9604.html,https://mathworksheetkidsdesignhub.github.io/images/interactive-math-questions-test-worksheet-9604.jpg,Kids Math Worksheets,04/08/2026 01:27:00 PM
Missing Number Math Worksheet,Fun and engaging Missing Number worksheet for Grade 1. Perfect printable math practice.,https://mathworksheetkidsdesignhub.github.io/html/missing-number-math-worksheet-7213.html,https://mathworksheetkidsdesignhub.github.io/images/missing-number-math-worksheet-7213.jpg,Elementary Math Activities,04/08/2026 04:24:00 PM
Mixed Operations Math Worksheet,Printable Mixed Operations worksheet designed for Grade 3 students. Easy and fun math practice.,https://mathworksheetkidsdesignhub.github.io/html/mixed-operations-math-worksheet-4579.html,https://mathworksheetkidsdesignhub.github.io/images/mixed-operations-math-worksheet-4579.jpg,Math Practice Printables,04/08/2026 08:36:00 PM
Grade 2 Multiplication Practice Worksheet (24 Problems) - Part 116 | Printable Practice,Fun and engaging Multiplication worksheet for Grade 2. Perfect printable math practice.,https://mathworksheetkidsdesignhub.github.io/html/grade-2-multiplication-practice-worksheet-24-problems-part-116-4297.html,https://mathworksheetkidsdesignhub.github.io/images/grade-2-multiplication-practice-worksheet-24-problems-part-116-4297.jpg,Math Practice Printables,04/09/2026 08:25:00 AM
Free 25 Subtraction Math Worksheet For Grade 5 With Answers - Part 117 | Printable Practice,Teachers and parents love this Subtraction worksheet for Grade 5. Download and print instantly.,https://mathworksheetkidsdesignhub.github.io/html/free-25-subtraction-math-worksheet-for-grade-5-with-answers-part-117-1971.html,https://mathworksheetkidsdesignhub.github.io/images/free-25-subtraction-math-worksheet-for-grade-5-with-answers-part-117-1971.jpg,Math Practice Printables,04/09/2026 11:08:00 AM
10 Times Table Worksheet For Grade 3 With Answers - Part 118 | Printable Practice,Teachers and parents love this Times Table worksheet for Grade 3. Download and print instantly.,https://mathworksheetkidsdesignhub.github.io/html/10-times-table-worksheet-for-grade-3-with-answers-part-118-2337.html,https://mathworksheetkidsdesignhub.github.io/images/10-times-table-worksheet-for-grade-3-with-answers-part-118-2337.jpg,Math Practice Printables,04/09/2026 01:37:00 PM
Printable Tracing Worksheet For Kids - Part 119 | Free Printable,Help kids master Tracing with this printable worksheet for Kindergarten. Great for daily math practice.,https://mathworksheetkidsdesignhub.github.io/html/printable-tracing-worksheet-for-kids-part-119-6128.html,https://mathworksheetkidsdesignhub.github.io/images/printable-tracing-worksheet-for-kids-part-119-6128.jpg,Elementary Math Activities,04/09/2026 04:33:00 PM
Math Word Problem Worksheet,Help kids master Word Problem with this printable worksheet for Grade 3. Great for daily math practice.,https://mathworksheetkidsdesignhub.github.io/html/math-word-problem-worksheet-1693.html,https://mathworksheetkidsdesignhub.github.io/images/math-word-problem-worksheet-1693.jpg,Math Practice Printables,04/09/2026 08:37:00 PM
Free 14 Addition Math Worksheet For Grade 1 - Part 121 | Printable Practice,Help kids master Addition with this printable worksheet for Grade 1. Great for daily math practice.,https://mathworksheetkidsdesignhub.github.io/html/free-14-addition-math-worksheet-for-grade-1-part-121-3379.html,https://mathworksheetkidsdesignhub.github.io/images/free-14-addition-math-worksheet-for-grade-1-part-121-3379.jpg,Math Practice Printables,04/10/2026 08:29:00 AM
Fun Count and Color Objects Worksheet for Preschool,Free printable Count and Color worksheet for Preschool. Perfect for homeschool practice and classroom activities.,https://mathworksheetkidsdesignhub.github.io/html/fun-count-and-color-objects-worksheet-for-preschool-7281.html,https://mathworksheetkidsdesignhub.github.io/images/fun-count-and-color-objects-worksheet-for-preschool-7281.jpg,Kids Math Worksheets,04/10/2026 11:00:00 AM
Free Counting Objects Worksheet For Kindergarten - Part 123 | Printable Practice,Fun and engaging Counting Objects worksheet for Kindergarten. Perfect printable math practice.,https://mathworksheetkidsdesignhub.github.io/html/free-counting-objects-worksheet-for-kindergarten-part-123-6277.html,https://mathworksheetkidsdesignhub.github.io/images/free-counting-objects-worksheet-for-kindergarten-part-123-6277.jpg,Kids Math Worksheets,04/10/2026 01:26:00 PM
Grade 2 Division Practice Worksheet (18 Problems) - Part 124 | Printable Practice,Free printable Division worksheet for Grade 2. Perfect for homeschool practice and classroom activities.,https://mathworksheetkidsdesignhub.github.io/html/grade-2-division-practice-worksheet-18-problems-part-124-2409.html,https://mathworksheetkidsdesignhub.github.io/images/grade-2-division-practice-worksheet-18-problems-part-124-2409.jpg,Printable Worksheets,04/10/2026 04:37:00 PM
Ultimate Math Trivia Worksheet (8 Questions),Help kids master Math with this printable worksheet for Math. Great for daily math practice.,https://mathworksheetkidsdesignhub.github.io/html/ultimate-math-trivia-worksheet-8-questions-1660.html,https://mathworksheetkidsdesignhub.github.io/images/ultimate-math-trivia-worksheet-8-questions-1660.jpg,Homeschool Math,04/10/2026 08:23:00 PM
Missing Number Math Worksheet,Printable Missing Number worksheet designed for Grade 1 students. Easy and fun math practice.,https://mathworksheetkidsdesignhub.github.io/html/missing-number-math-worksheet-3128.html,https://mathworksheetkidsdesignhub.github.io/images/missing-number-math-worksheet-3128.jpg,Math Practice Printables,04/11/2026 08:25:00 AM
Mixed Operations Math Worksheet,Teachers and parents love this Mixed Operations worksheet for Grade 3. Download and print instantly.,https://mathworksheetkidsdesignhub.github.io/html/mixed-operations-math-worksheet-7963.html,https://mathworksheetkidsdesignhub.github.io/images/mixed-operations-math-worksheet-7963.jpg,Math Practice Printables,04/11/2026 11:00:00 AM
Grade 2 Multiplication Practice Worksheet (15 Problems) - Part 128 | Printable Practice,Teachers and parents love this Multiplication worksheet for Grade 2. Download and print instantly.,https://mathworksheetkidsdesignhub.github.io/html/grade-2-multiplication-practice-worksheet-15-problems-part-128-5791.html,https://mathworksheetkidsdesignhub.github.io/images/grade-2-multiplication-practice-worksheet-15-problems-part-128-5791.jpg,Printable Worksheets,04/11/2026 01:37:00 PM
Printable Free 16 Subtraction Math Worksheet For Grade 5 - Part 129 | Printable Practice,Printable Subtraction worksheet designed for Grade 5 students. Easy and fun math practice.,https://mathworksheetkidsdesignhub.github.io/html/printable-free-16-subtraction-math-worksheet-for-grade-5-part-129-2710.html,https://mathworksheetkidsdesignhub.github.io/images/printable-free-16-subtraction-math-worksheet-for-grade-5-part-129-2710.jpg,Homeschool Math,04/11/2026 04:25:00 PM
8 Times Table Worksheet For Grade 3 With Answers - Part 130 | Printable Practice,Fun and engaging Times Table worksheet for Grade 3. Perfect printable math practice.,https://mathworksheetkidsdesignhub.github.io/html/8-times-table-worksheet-for-grade-3-with-answers-part-130-2492.html,https://mathworksheetkidsdesignhub.github.io/images/8-times-table-worksheet-for-grade-3-with-answers-part-130-2492.jpg,Elementary Math Activities,04/11/2026 08:30:00 PM
Printable Tracing Worksheet For Kids - Part 131 | Free Printable,Fun and engaging Tracing worksheet for Kindergarten. Perfect printable math practice.,https://mathworksheetkidsdesignhub.github.io/html/printable-tracing-worksheet-for-kids-part-131-1181.html,https://mathworksheetkidsdesignhub.github.io/images/printable-tracing-worksheet-for-kids-part-131-1181.jpg,Kids Math Worksheets,04/12/2026 08:31:00 AM
Math Word Problem Worksheet,Help kids master Word Problem with this printable worksheet for Grade 3. Great for daily math practice.,https://mathworksheetkidsdesignhub.github.io/html/math-word-problem-worksheet-6987.html,https://mathworksheetkidsdesignhub.github.io/images/math-word-problem-worksheet-6987.jpg,Math Practice Printables,04/12/2026 11:00:00 AM
Printable Free 28 Addition Math Worksheet For Grade 1 - Part 133 | Printable Practice,Printable Addition worksheet designed for Grade 1 students. Easy and fun math practice.,https://mathworksheetkidsdesignhub.github.io/html/printable-free-28-addition-math-worksheet-for-grade-1-part-133-5496.html,https://mathworksheetkidsdesignhub.github.io/images/printable-free-28-addition-math-worksheet-for-grade-1-part-133-5496.jpg,Printable Worksheets,04/12/2026 01:34:00 PM
3 Free Count and Color Worksheets for Preschool,Printable Count and Color worksheet designed for Preschool students. Easy and fun math practice.,https://mathworksheetkidsdesignhub.github.io/html/3-free-count-and-color-worksheets-for-preschool-8194.html,https://mathworksheetkidsdesignhub.github.io/images/3-free-count-and-color-worksheets-for-preschool-8194.jpg,Kids Math Worksheets,04/12/2026 04:29:00 PM
Learn Counting With Pictures Worksheet (Pre-K) - Part 135 | Printable Practice,Printable Counting Objects worksheet designed for Pre-K students. Easy and fun math practice.,https://mathworksheetkidsdesignhub.github.io/html/learn-counting-with-pictures-worksheet-pre-k-part-135-9787.html,https://mathworksheetkidsdesignhub.github.io/images/learn-counting-with-pictures-worksheet-pre-k-part-135-9787.jpg,Printable Worksheets,04/12/2026 08:35:00 PM
Grade 2 Division Practice Worksheet (13 Problems) - Part 136 | Printable Practice,Free printable Division worksheet for Grade 2. Perfect for homeschool practice and classroom activities.,https://mathworksheetkidsdesignhub.github.io/html/grade-2-division-practice-worksheet-13-problems-part-136-8988.html,https://mathworksheetkidsdesignhub.github.io/images/grade-2-division-practice-worksheet-13-problems-part-136-8988.jpg,Elementary Math Activities,04/13/2026 08:32:00 AM
Practice Math Questions for Students (4 Questions),Free printable Math worksheet for Math. Perfect for homeschool practice and classroom activities.,https://mathworksheetkidsdesignhub.github.io/html/practice-math-questions-for-students-4-questions-7232.html,https://mathworksheetkidsdesignhub.github.io/images/practice-math-questions-for-students-4-questions-7232.jpg,Homeschool Math,04/13/2026 11:00:00 AM
Missing Number Math Worksheet,Free printable Missing Number worksheet for Grade 1. Perfect for homeschool practice and classroom activities.,https://mathworksheetkidsdesignhub.github.io/html/missing-number-math-worksheet-7940.html,https://mathworksheetkidsdesignhub.github.io/images/missing-number-math-worksheet-7940.jpg,Elementary Math Activities,04/13/2026 01:24:00 PM
Mixed Operations Math Worksheet,Help kids master Mixed Operations with this printable worksheet for Grade 3. Great for daily math practice.,https://mathworksheetkidsdesignhub.github.io/html/mixed-operations-math-worksheet-1491.html,https://mathworksheetkidsdesignhub.github.io/images/mixed-operations-math-worksheet-1491.jpg,Math Practice Printables,04/13/2026 04:36:00 PM
Free 19 Multiplication Math Worksheet For Grade 1 - Part 140 | Printable Practice,Fun and engaging Multiplication worksheet for Grade 1. Perfect printable math practice.,https://mathworksheetkidsdesignhub.github.io/html/free-19-multiplication-math-worksheet-for-grade-1-part-140-6061.html,https://mathworksheetkidsdesignhub.github.io/images/free-19-multiplication-math-worksheet-for-grade-1-part-140-6061.jpg,Elementary Math Activities,04/13/2026 08:25:00 PM
Free 26 Subtraction Math Worksheet For Grade 2 With Answers - Part 141 | Printable Practice,Help kids master Subtraction with this printable worksheet for Grade 2. Great for daily math practice.,https://mathworksheetkidsdesignhub.github.io/html/free-26-subtraction-math-worksheet-for-grade-2-with-answers-part-141-1025.html,https://mathworksheetkidsdesignhub.github.io/images/free-26-subtraction-math-worksheet-for-grade-2-with-answers-part-141-1025.jpg,Homeschool Math,04/14/2026 08:30:00 AM
5 Times Table Worksheet For Grade 2 - Part 142 | Printable Practice,Printable Times Table worksheet designed for Grade 2 students. Easy and fun math practice.,https://mathworksheetkidsdesignhub.github.io/html/5-times-table-worksheet-for-grade-2-part-142-1056.html,https://mathworksheetkidsdesignhub.github.io/images/5-times-table-worksheet-for-grade-2-part-142-1056.jpg,Printable Worksheets,04/14/2026 11:00:00 AM
Printable Tracing Worksheet For Kids - Part 143 | Free Printable,Free printable Tracing worksheet for Kindergarten. Perfect for homeschool practice and classroom activities.,https://mathworksheetkidsdesignhub.github.io/html/printable-tracing-worksheet-for-kids-part-143-7607.html,https://mathworksheetkidsdesignhub.github.io/images/printable-tracing-worksheet-for-kids-part-143-7607.jpg,Math Practice Printables,04/14/2026 01:22:00 PM
Math Word Problem Worksheet,Fun and engaging Word Problem worksheet for Grade 3. Perfect printable math practice.,https://mathworksheetkidsdesignhub.github.io/html/math-word-problem-worksheet-9688.html,https://mathworksheetkidsdesignhub.github.io/images/math-word-problem-worksheet-9688.jpg,Kids Math Worksheets,04/14/2026 04:34:00 PM
Free 26 Addition Math Worksheet For Grade 3 - Part 145 | Printable Practice,Free printable Addition worksheet for Grade 3. Perfect for homeschool practice and classroom activities.,https://mathworksheetkidsdesignhub.github.io/html/free-26-addition-math-worksheet-for-grade-3-part-145-1576.html,https://mathworksheetkidsdesignhub.github.io/images/free-26-addition-math-worksheet-for-grade-3-part-145-1576.jpg,Homeschool Math,04/14/2026 08:24:00 PM
Grade 1 Count and Color Shapes Worksheet,Free printable Count and Color worksheet for Grade 1. Perfect for homeschool practice and classroom activities.,https://mathworksheetkidsdesignhub.github.io/html/grade-1-count-and-color-shapes-worksheet-7979.html,https://mathworksheetkidsdesignhub.github.io/images/grade-1-count-and-color-shapes-worksheet-7979.jpg,Kids Math Worksheets,04/15/2026 08:33:00 AM
Kindergarten Count The Objects Worksheet - Part 147 | Printable Practice,Printable Counting Objects worksheet designed for Kindergarten students. Easy and fun math practice.,https://mathworksheetkidsdesignhub.github.io/html/kindergarten-count-the-objects-worksheet-part-147-2244.html,https://mathworksheetkidsdesignhub.github.io/images/kindergarten-count-the-objects-worksheet-part-147-2244.jpg,Printable Worksheets,04/15/2026 11:00:00 AM
Grade 2 Division Practice Worksheet (19 Problems) - Part 148 | Printable Practice,Fun and engaging Division worksheet for Grade 2. Perfect printable math practice.,https://mathworksheetkidsdesignhub.github.io/html/grade-2-division-practice-worksheet-19-problems-part-148-8915.html,https://mathworksheetkidsdesignhub.github.io/images/grade-2-division-practice-worksheet-19-problems-part-148-8915.jpg,Homeschool Math,04/15/2026 01:33:00 PM
Daily Mathematics Practice Worksheet for Teens,Help kids master Math with this printable worksheet for Math. Great for daily math practice.,https://mathworksheetkidsdesignhub.github.io/html/daily-mathematics-practice-worksheet-for-teens-8236.html,https://mathworksheetkidsdesignhub.github.io/images/daily-mathematics-practice-worksheet-for-teens-8236.jpg,Math Practice Printables,04/15/2026 04:36:00 PM
Missing Number Math Worksheet,Printable Missing Number worksheet designed for Grade 1 students. Easy and fun math practice.,https://mathworksheetkidsdesignhub.github.io/html/missing-number-math-worksheet-2249.html,https://mathworksheetkidsdesignhub.github.io/images/missing-number-math-worksheet-2249.jpg,Math Practice Printables,04/15/2026 08:38:00 PM
Mixed Operations Math Worksheet,Fun and engaging Mixed Operations worksheet for Grade 3. Perfect printable math practice.,https://mathworksheetkidsdesignhub.github.io/html/mixed-operations-math-worksheet-3277.html,https://mathworksheetkidsdesignhub.github.io/images/mixed-operations-math-worksheet-3277.jpg,Elementary Math Activities,04/16/2026 08:34:00 AM
Grade 2 Multiplication Practice Worksheet (12 Problems) - Part 152 | Printable Practice,Teachers and parents love this Multiplication worksheet for Grade 2. Download and print instantly.,https://mathworksheetkidsdesignhub.github.io/html/grade-2-multiplication-practice-worksheet-12-problems-part-152-9218.html,https://mathworksheetkidsdesignhub.github.io/images/grade-2-multiplication-practice-worksheet-12-problems-part-152-9218.jpg,Math Practice Printables,04/16/2026 11:00:00 AM
Free 30 Subtraction Math Worksheet For Grade 3 - Part 153 | Printable Practice,Help kids master Subtraction with this printable worksheet for Grade 3. Great for daily math practice.,https://mathworksheetkidsdesignhub.github.io/html/free-30-subtraction-math-worksheet-for-grade-3-part-153-3565.html,https://mathworksheetkidsdesignhub.github.io/images/free-30-subtraction-math-worksheet-for-grade-3-part-153-3565.jpg,Elementary Math Activities,04/16/2026 01:28:00 PM
4 Times Table Worksheet For Grade 2 With Answers - Part 154 | Printable Practice,Help kids master Times Table with this printable worksheet for Grade 2. Great for daily math practice.,https://mathworksheetkidsdesignhub.github.io/html/4-times-table-worksheet-for-grade-2-with-answers-part-154-1480.html,https://mathworksheetkidsdesignhub.github.io/images/4-times-table-worksheet-for-grade-2-with-answers-part-154-1480.jpg,Printable Worksheets,04/16/2026 04:36:00 PM
Printable Tracing Worksheet For Kids - Part 155 | Free Printable,Fun and engaging Tracing worksheet for Kindergarten. Perfect printable math practice.,https://mathworksheetkidsdesignhub.github.io/html/printable-tracing-worksheet-for-kids-part-155-4589.html,https://mathworksheetkidsdesignhub.github.io/images/printable-tracing-worksheet-for-kids-part-155-4589.jpg,Kids Math Worksheets,04/16/2026 08:34:00 PM
Math Word Problem Worksheet,Printable Word Problem worksheet designed for Grade 3 students. Easy and fun math practice.,https://mathworksheetkidsdesignhub.github.io/html/math-word-problem-worksheet-4851.html,https://mathworksheetkidsdesignhub.github.io/images/math-word-problem-worksheet-4851.jpg,Kids Math Worksheets,04/17/2026 08:28:00 AM
Printable Free 29 Addition Math Worksheet For Grade 1 - Part 157 | Printable Practice,Printable Addition worksheet designed for Grade 1 students. Easy and fun math practice.,https://mathworksheetkidsdesignhub.github.io/html/printable-free-29-addition-math-worksheet-for-grade-1-part-157-8657.html,https://mathworksheetkidsdesignhub.github.io/images/printable-free-29-addition-math-worksheet-for-grade-1-part-157-8657.jpg,Math Practice Printables,04/17/2026 11:00:00 AM
Fun Count and Color Objects Worksheet for Kindergarten,Fun and engaging Count and Color worksheet for Kindergarten. Perfect printable math practice.,https://mathworksheetkidsdesignhub.github.io/html/fun-count-and-color-objects-worksheet-for-kindergarten-4313.html,https://mathworksheetkidsdesignhub.github.io/images/fun-count-and-color-objects-worksheet-for-kindergarten-4313.jpg,Math Practice Printables,04/17/2026 01:23:00 PM
Pre-K Count The Objects Worksheet - Part 159 | Printable Practice,Fun and engaging Counting Objects worksheet for Pre-K. Perfect printable math practice.,https://mathworksheetkidsdesignhub.github.io/html/pre-k-count-the-objects-worksheet-part-159-6630.html,https://mathworksheetkidsdesignhub.github.io/images/pre-k-count-the-objects-worksheet-part-159-6630.jpg,Printable Worksheets,04/17/2026 04:22:00 PM
Free 10 Division Math Worksheet For Grade 2 With Answers - Part 160 | Printable Practice,Fun and engaging Division worksheet for Grade 2. Perfect printable math practice.,https://mathworksheetkidsdesignhub.github.io/html/free-10-division-math-worksheet-for-grade-2-with-answers-part-160-3667.html,https://mathworksheetkidsdesignhub.github.io/images/free-10-division-math-worksheet-for-grade-2-with-answers-part-160-3667.jpg,Math Practice Printables,04/17/2026 08:38:00 PM
8 Mathematics Quiz Worksheet,Help kids master Math with this printable worksheet for Math. Great for daily math practice.,https://mathworksheetkidsdesignhub.github.io/html/8-mathematics-quiz-worksheet-3356.html,https://mathworksheetkidsdesignhub.github.io/images/8-mathematics-quiz-worksheet-3356.jpg,Math Practice Printables,04/18/2026 08:29:00 AM
Missing Number Math Worksheet,Free printable Missing Number worksheet for Grade 1. Perfect for homeschool practice and classroom activities.,https://mathworksheetkidsdesignhub.github.io/html/missing-number-math-worksheet-7222.html,https://mathworksheetkidsdesignhub.github.io/images/missing-number-math-worksheet-7222.jpg,Elementary Math Activities,04/18/2026 11:08:00 AM
Mixed Operations Math Worksheet,Printable Mixed Operations worksheet designed for Grade 3 students. Easy and fun math practice.,https://mathworksheetkidsdesignhub.github.io/html/mixed-operations-math-worksheet-6064.html,https://mathworksheetkidsdesignhub.github.io/images/mixed-operations-math-worksheet-6064.jpg,Elementary Math Activities,04/18/2026 01:36:00 PM
Free 21 Multiplication Math Worksheet For Grade 2 With Answers - Part 164 | Printable Practice,Teachers and parents love this Multiplication worksheet for Grade 2. Download and print instantly.,https://mathworksheetkidsdesignhub.github.io/html/free-21-multiplication-math-worksheet-for-grade-2-with-answers-part-164-2314.html,https://mathworksheetkidsdesignhub.github.io/images/free-21-multiplication-math-worksheet-for-grade-2-with-answers-part-164-2314.jpg,Kids Math Worksheets,04/18/2026 04:37:00 PM
Free 22 Subtraction Math Worksheet For Grade 2 - Part 165 | Printable Practice,Free printable Subtraction worksheet for Grade 2. Perfect for homeschool practice and classroom activities.,https://mathworksheetkidsdesignhub.github.io/html/free-22-subtraction-math-worksheet-for-grade-2-part-165-6270.html,https://mathworksheetkidsdesignhub.github.io/images/free-22-subtraction-math-worksheet-for-grade-2-part-165-6270.jpg,Math Practice Printables,04/18/2026 08:38:00 PM
6 Times Table Worksheet For Grade 3 - Part 166 | Printable Practice,Help kids master Times Table with this printable worksheet for Grade 3. Great for daily math practice.,https://mathworksheetkidsdesignhub.github.io/html/6-times-table-worksheet-for-grade-3-part-166-4385.html,https://mathworksheetkidsdesignhub.github.io/images/6-times-table-worksheet-for-grade-3-part-166-4385.jpg,Kids Math Worksheets,04/19/2026 08:22:00 AM
Printable Tracing Worksheet For Kids - Part 167 | Free Printable,Help kids master Tracing with this printable worksheet for Preschool. Great for daily math practice.,https://mathworksheetkidsdesignhub.github.io/html/printable-tracing-worksheet-for-kids-part-167-6259.html,https://mathworksheetkidsdesignhub.github.io/images/printable-tracing-worksheet-for-kids-part-167-6259.jpg,Printable Worksheets,04/19/2026 11:01:00 AM
Math Word Problem Worksheet,Free printable Word Problem worksheet for Grade 3. Perfect for homeschool practice and classroom activities.,https://mathworksheetkidsdesignhub.github.io/html/math-word-problem-worksheet-9114.html,https://mathworksheetkidsdesignhub.github.io/images/math-word-problem-worksheet-9114.jpg,Math Practice Printables,04/19/2026 01:27:00 PM
Printable Free 15 Addition Math Worksheet For Grade 1 - Part 169 | Printable Practice,Free printable Addition worksheet for Grade 1. Perfect for homeschool practice and classroom activities.,https://mathworksheetkidsdesignhub.github.io/html/printable-free-15-addition-math-worksheet-for-grade-1-part-169-2174.html,https://mathworksheetkidsdesignhub.github.io/images/printable-free-15-addition-math-worksheet-for-grade-1-part-169-2174.jpg,Printable Worksheets,04/19/2026 04:25:00 PM
Free Kindergarten Count and Color Worksheet,Teachers and parents love this Count and Color worksheet for Kindergarten. Download and print instantly.,https://mathworksheetkidsdesignhub.github.io/html/free-kindergarten-count-and-color-worksheet-3978.html,https://mathworksheetkidsdesignhub.github.io/images/free-kindergarten-count-and-color-worksheet-3978.jpg,Homeschool Math,04/19/2026 08:22:00 PM
Pre-K Count The Objects Worksheet - Part 171 | Printable Practice,Printable Counting Objects worksheet designed for Pre-K students. Easy and fun math practice.,https://mathworksheetkidsdesignhub.github.io/html/pre-k-count-the-objects-worksheet-part-171-8438.html,https://mathworksheetkidsdesignhub.github.io/images/pre-k-count-the-objects-worksheet-part-171-8438.jpg,Kids Math Worksheets,04/20/2026 08:38:00 AM
Printable Free 10 Division Math Worksheet For Grade 1 - Part 172 | Printable Practice,Free printable Division worksheet for Grade 1. Perfect for homeschool practice and classroom activities.,https://mathworksheetkidsdesignhub.github.io/html/printable-free-10-division-math-worksheet-for-grade-1-part-172-2757.html,https://mathworksheetkidsdesignhub.github.io/images/printable-free-10-division-math-worksheet-for-grade-1-part-172-2757.jpg,Elementary Math Activities,04/20/2026 11:04:00 AM
4 Math Knowledge Test Practice Worksheet,Free printable Math worksheet for Math. Perfect for homeschool practice and classroom activities.,https://mathworksheetkidsdesignhub.github.io/html/4-math-knowledge-test-practice-worksheet-1691.html,https://mathworksheetkidsdesignhub.github.io/images/4-math-knowledge-test-practice-worksheet-1691.jpg,Homeschool Math,04/20/2026 01:24:00 PM
Missing Number Math Worksheet,Teachers and parents love this Missing Number worksheet for Grade 1. Download and print instantly.,https://mathworksheetkidsdesignhub.github.io/html/missing-number-math-worksheet-4343.html,https://mathworksheetkidsdesignhub.github.io/images/missing-number-math-worksheet-4343.jpg,Math Practice Printables,04/20/2026 04:27:00 PM
Mixed Operations Math Worksheet,Help kids master Mixed Operations with this printable worksheet for Grade 3. Great for daily math practice.,https://mathworksheetkidsdesignhub.github.io/html/mixed-operations-math-worksheet-8030.html,https://mathworksheetkidsdesignhub.github.io/images/mixed-operations-math-worksheet-8030.jpg,Printable Worksheets,04/20/2026 08:24:00 PM
Free 21 Multiplication Math Worksheet For Grade 1 With Answers - Part 176 | Printable Practice,Teachers and parents love this Multiplication worksheet for Grade 1. Download and print instantly.,https://mathworksheetkidsdesignhub.github.io/html/free-21-multiplication-math-worksheet-for-grade-1-with-answers-part-176-7598.html,https://mathworksheetkidsdesignhub.github.io/images/free-21-multiplication-math-worksheet-for-grade-1-with-answers-part-176-7598.jpg,Kids Math Worksheets,04/21/2026 08:23:00 AM
Grade 3 Subtraction Practice Worksheet (19 Problems) - Part 177 | Printable Practice,Help kids master Subtraction with this printable worksheet for Grade 3. Great for daily math practice.,https://mathworksheetkidsdesignhub.github.io/html/grade-3-subtraction-practice-worksheet-19-problems-part-177-5746.html,https://mathworksheetkidsdesignhub.github.io/images/grade-3-subtraction-practice-worksheet-19-problems-part-177-5746.jpg,Homeschool Math,04/21/2026 11:00:00 AM
Grade 3 Multiplication Table 9 Practice - Part 178 | Printable Practice,Teachers and parents love this Times Table worksheet for Grade 3. Download and print instantly.,https://mathworksheetkidsdesignhub.github.io/html/grade-3-multiplication-table-9-practice-part-178-5679.html,https://mathworksheetkidsdesignhub.github.io/images/grade-3-multiplication-table-9-practice-part-178-5679.jpg,Homeschool Math,04/21/2026 01:36:00 PM
Printable Tracing Worksheet For Kids - Part 179 | Free Printable,Free printable Tracing worksheet for Kindergarten. Perfect for homeschool practice and classroom activities.,https://mathworksheetkidsdesignhub.github.io/html/printable-tracing-worksheet-for-kids-part-179-6263.html,https://mathworksheetkidsdesignhub.github.io/images/printable-tracing-worksheet-for-kids-part-179-6263.jpg,Math Practice Printables,04/21/2026 04:30:00 PM
Math Word Problem Worksheet,Printable Word Problem worksheet designed for Grade 3 students. Easy and fun math practice.,https://mathworksheetkidsdesignhub.github.io/html/math-word-problem-worksheet-8185.html,https://mathworksheetkidsdesignhub.github.io/images/math-word-problem-worksheet-8185.jpg,Math Practice Printables,04/21/2026 08:36:00 PM
Free 29 Addition Math Worksheet For Grade 1 - Part 181 | Printable Practice,Help kids master Addition with this printable worksheet for Grade 1. Great for daily math practice.,https://mathworksheetkidsdesignhub.github.io/html/free-29-addition-math-worksheet-for-grade-1-part-181-6066.html,https://mathworksheetkidsdesignhub.github.io/images/free-29-addition-math-worksheet-for-grade-1-part-181-6066.jpg,Math Practice Printables,04/22/2026 08:24:00 AM
"Count and Color Car, Circle, Triangle Worksheet for Kids",Printable Count and Color worksheet designed for Kindergarten students. Easy and fun math practice.,https://mathworksheetkidsdesignhub.github.io/html/count-and-color-car-circle-triangle-worksheet-for-kids-5618.html,https://mathworksheetkidsdesignhub.github.io/images/count-and-color-car-circle-triangle-worksheet-for-kids-5618.jpg,Homeschool Math,04/22/2026 11:00:00 AM
Free Counting Objects Worksheet For Kindergarten - Part 183 | Printable Practice,Help kids master Counting Objects with this printable worksheet for Kindergarten. Great for daily math practice.,https://mathworksheetkidsdesignhub.github.io/html/free-counting-objects-worksheet-for-kindergarten-part-183-3829.html,https://mathworksheetkidsdesignhub.github.io/images/free-counting-objects-worksheet-for-kindergarten-part-183-3829.jpg,Elementary Math Activities,04/22/2026 01:29:00 PM
Free 27 Division Math Worksheet For Grade 2 With Answers - Part 184 | Printable Practice,Printable Division worksheet designed for Grade 2 students. Easy and fun math practice.,https://mathworksheetkidsdesignhub.github.io/html/free-27-division-math-worksheet-for-grade-2-with-answers-part-184-4784.html,https://mathworksheetkidsdesignhub.github.io/images/free-27-division-math-worksheet-for-grade-2-with-answers-part-184-4784.jpg,Kids Math Worksheets,04/22/2026 04:31:00 PM
8 Math Questions for High School Students,Teachers and parents love this Math worksheet for Math. Download and print instantly.,https://mathworksheetkidsdesignhub.github.io/html/8-math-questions-for-high-school-students-1705.html,https://mathworksheetkidsdesignhub.github.io/images/8-math-questions-for-high-school-students-1705.jpg,Homeschool Math,04/22/2026 08:30:00 PM
Missing Number Math Worksheet,Free printable Missing Number worksheet for Grade 1. Perfect for homeschool practice and classroom activities.,https://mathworksheetkidsdesignhub.github.io/html/missing-number-math-worksheet-5377.html,https://mathworksheetkidsdesignhub.github.io/images/missing-number-math-worksheet-5377.jpg,Kids Math Worksheets,04/23/2026 08:30:00 AM
Mixed Operations Math Worksheet,Teachers and parents love this Mixed Operations worksheet for Grade 3. Download and print instantly.,https://mathworksheetkidsdesignhub.github.io/html/mixed-operations-math-worksheet-8056.html,https://mathworksheetkidsdesignhub.github.io/images/mixed-operations-math-worksheet-8056.jpg,Elementary Math Activities,04/23/2026 11:03:00 AM
Free 13 Multiplication Math Worksheet For Grade 1 - Part 188 | Printable Practice,Printable Multiplication worksheet designed for Grade 1 students. Easy and fun math practice.,https://mathworksheetkidsdesignhub.github.io/html/free-13-multiplication-math-worksheet-for-grade-1-part-188-2180.html,https://mathworksheetkidsdesignhub.github.io/images/free-13-multiplication-math-worksheet-for-grade-1-part-188-2180.jpg,Homeschool Math,04/23/2026 01:22:00 PM
Grade 3 Subtraction Practice Worksheet (30 Problems) - Part 189 | Printable Practice,Help kids master Subtraction with this printable worksheet for Grade 3. Great for daily math practice.,https://mathworksheetkidsdesignhub.github.io/html/grade-3-subtraction-practice-worksheet-30-problems-part-189-1662.html,https://mathworksheetkidsdesignhub.github.io/images/grade-3-subtraction-practice-worksheet-30-problems-part-189-1662.jpg,Math Practice Printables,04/23/2026 04:28:00 PM
6 Times Table Worksheet For Grade 3 With Answers - Part 190 | Printable Practice,Teachers and parents love this Times Table worksheet for Grade 3. Download and print instantly.,https://mathworksheetkidsdesignhub.github.io/html/6-times-table-worksheet-for-grade-3-with-answers-part-190-7467.html,https://mathworksheetkidsdesignhub.github.io/images/6-times-table-worksheet-for-grade-3-with-answers-part-190-7467.jpg,Printable Worksheets,04/23/2026 08:37:00 PM
Printable Tracing Worksheet For Kids - Part 191 | Free Printable,Help kids master Tracing with this printable worksheet for Kindergarten. Great for daily math practice.,https://mathworksheetkidsdesignhub.github.io/html/printable-tracing-worksheet-for-kids-part-191-9510.html,https://mathworksheetkidsdesignhub.github.io/images/printable-tracing-worksheet-for-kids-part-191-9510.jpg,Homeschool Math,04/24/2026 08:29:00 AM
Math Word Problem Worksheet,Printable Word Problem worksheet designed for Grade 3 students. Easy and fun math practice.,https://mathworksheetkidsdesignhub.github.io/html/math-word-problem-worksheet-8246.html,https://mathworksheetkidsdesignhub.github.io/images/math-word-problem-worksheet-8246.jpg,Math Practice Printables,04/24/2026 11:00:00 AM
Free 20 Addition Math Worksheet For Grade 3 - Part 193 | Printable Practice,Fun and engaging Addition worksheet for Grade 3. Perfect printable math practice.,https://mathworksheetkidsdesignhub.github.io/html/free-20-addition-math-worksheet-for-grade-3-part-193-2776.html,https://mathworksheetkidsdesignhub.github.io/images/free-20-addition-math-worksheet-for-grade-3-part-193-2776.jpg,Math Practice Printables,04/24/2026 01:23:00 PM
Fun Count and Color Objects Worksheet for Grade 1,Help kids master Count and Color with this printable worksheet for Grade 1. Great for daily math practice.,https://mathworksheetkidsdesignhub.github.io/html/fun-count-and-color-objects-worksheet-for-grade-1-9557.html,https://mathworksheetkidsdesignhub.github.io/images/fun-count-and-color-objects-worksheet-for-grade-1-9557.jpg,Kids Math Worksheets,04/24/2026 04:22:00 PM
Free Counting Objects Worksheet For Kindergarten - Part 195 | Printable Practice,Free printable Counting Objects worksheet for Kindergarten. Perfect for homeschool practice and classroom activities.,https://mathworksheetkidsdesignhub.github.io/html/free-counting-objects-worksheet-for-kindergarten-part-195-3219.html,https://mathworksheetkidsdesignhub.github.io/images/free-counting-objects-worksheet-for-kindergarten-part-195-3219.jpg,Kids Math Worksheets,04/24/2026 08:27:00 PM
Free 16 Division Math Worksheet For Grade 2 With Answers - Part 196 | Printable Practice,Teachers and parents love this Division worksheet for Grade 2. Download and print instantly.,https://mathworksheetkidsdesignhub.github.io/html/free-16-division-math-worksheet-for-grade-2-with-answers-part-196-6688.html,https://mathworksheetkidsdesignhub.github.io/images/free-16-division-math-worksheet-for-grade-2-with-answers-part-196-6688.jpg,Homeschool Math,04/25/2026 08:35:00 AM
Challenging Math Quiz Worksheet (4 Questions),Help kids master Math with this printable worksheet for Math. Great for daily math practice.,https://mathworksheetkidsdesignhub.github.io/html/challenging-math-quiz-worksheet-4-questions-1552.html,https://mathworksheetkidsdesignhub.github.io/images/challenging-math-quiz-worksheet-4-questions-1552.jpg,Kids Math Worksheets,04/25/2026 11:02:00 AM
Missing Number Math Worksheet,Fun and engaging Missing Number worksheet for Grade 1. Perfect printable math practice.,https://mathworksheetkidsdesignhub.github.io/html/missing-number-math-worksheet-8314.html,https://mathworksheetkidsdesignhub.github.io/images/missing-number-math-worksheet-8314.jpg,Homeschool Math,04/25/2026 01:36:00 PM
Mixed Operations Math Worksheet,Fun and engaging Mixed Operations worksheet for Grade 3. Perfect printable math practice.,https://mathworksheetkidsdesignhub.github.io/html/mixed-operations-math-worksheet-4920.html,https://mathworksheetkidsdesignhub.github.io/images/mixed-operations-math-worksheet-4920.jpg,Math Practice Printables,04/25/2026 04:38:00 PM
Printable Free 29 Multiplication Math Worksheet For Grade 2 - Part 200 | Printable Practice,Help kids master Multiplication with this printable worksheet for Grade 2. Great for daily math practice.,https://mathworksheetkidsdesignhub.github.io/html/printable-free-29-multiplication-math-worksheet-for-grade-2-part-200-5438.html,https://mathworksheetkidsdesignhub.github.io/images/printable-free-29-multiplication-math-worksheet-for-grade-2-part-200-5438.jpg,Homeschool Math,04/25/2026 08:31:00 PM
